,homeTeam,awayTeam,count
0,1. FC Kaiserslautern,1. FC Koeln,38
1,1. FC Kaiserslautern,1. FC Nuernberg,25
2,1. FC Kaiserslautern,1. FC Saarbruecken,5
3,1. FC Kaiserslautern,1. FSV Mainz 05,2
4,1. FC Kaiserslautern,Alemannia Aachen,3
5,1. FC Kaiserslautern,Arminia Bielefeld,13
6,1. FC Kaiserslautern,Bayer Leverkusen,26
7,1. FC Kaiserslautern,Bayer Uerdingen,13
8,1. FC Kaiserslautern,Bayern Muenchen,40
9,1. FC Kaiserslautern,Blau-Weiss 90 Berlin,1
10,1. FC Kaiserslautern,Borussia Dortmund,38
11,1. FC Kaiserslautern,Borussia Moenchengladbach,38
12,1. FC Kaiserslautern,Borussia Neunkirchen,3
13,1. FC Kaiserslautern,Darmstadt 98,2
14,1. FC Kaiserslautern,Dynamo Dresden,4
15,1. FC Kaiserslautern,Eintracht Braunschweig,20
16,1. FC Kaiserslautern,Eintracht Frankfurt,38
17,1. FC Kaiserslautern,Energie Cottbus,3
18,1. FC Kaiserslautern,FC Homburg,3
19,1. FC Kaiserslautern,FC St. Pauli,6
20,1. FC Kaiserslautern,Fortuna Duesseldorf,21
21,1. FC Kaiserslautern,Fortuna Koeln,1
22,1. FC Kaiserslautern,Hamburger SV,42
23,1. FC Kaiserslautern,Hannover 96,18
24,1. FC Kaiserslautern,Hansa Rostock,10
25,1. FC Kaiserslautern,Hertha BSC Berlin,25
26,1. FC Kaiserslautern,KFC Uerdingen,1
27,1. FC Kaiserslautern,Karlsruher SC,21
28,1. FC Kaiserslautern,Kickers Offenbach,7
29,1. FC Kaiserslautern,MSV Duisburg,23
30,1. FC Kaiserslautern,Meidericher SV,3
31,1. FC Kaiserslautern,Preussen Muenster,1
32,1. FC Kaiserslautern,Rot-Weiss Essen,7
33,1. FC Kaiserslautern,Rot-Weiss Oberhausen,4
34,1. FC Kaiserslautern,SC Freiburg,9
35,1. FC Kaiserslautern,SSV Ulm,1
36,1. FC Kaiserslautern,Schalke 04,37
37,1. FC Kaiserslautern,SpVgg Unterhaching,2
38,1. FC Kaiserslautern,Stuttgarter Kickers,2
39,1. FC Kaiserslautern,TSV 1860 Muenchen,19
40,1. FC Kaiserslautern,Tasmania Berlin,1
41,1. FC Kaiserslautern,Tennis Borussia Berlin,2
42,1. FC Kaiserslautern,VfB Leipzig,1
43,1. FC Kaiserslautern,VfB Stuttgart,40
44,1. FC Kaiserslautern,VfL Bochum,29
45,1. FC Kaiserslautern,VfL Wolfsburg,9
46,1. FC Kaiserslautern,Waldhof Mannheim,7
47,1. FC Kaiserslautern,Wattenscheid 09,4
48,1. FC Kaiserslautern,Werder Bremen,41
49,1. FC Kaiserslautern,Wuppertaler SV,3
50,1. FC Koeln,1. FC Kaiserslautern,38
51,1. FC Koeln,1. FC Nuernberg,22
52,1. FC Koeln,1. FC Saarbruecken,5
53,1. FC Koeln,1. FSV Mainz 05,1
54,1. FC Koeln,1899 Hoffenheim,1
55,1. FC Koeln,Alemannia Aachen,3
56,1. FC Koeln,Arminia Bielefeld,12
57,1. FC Koeln,Bayer Leverkusen,24
58,1. FC Koeln,Bayer Uerdingen,13
59,1. FC Koeln,Bayern Muenchen,38
60,1. FC Koeln,Blau-Weiss 90 Berlin,1
61,1. FC Koeln,Borussia Dortmund,36
62,1. FC Koeln,Borussia Moenchengladbach,37
63,1. FC Koeln,Borussia Neunkirchen,3
64,1. FC Koeln,Darmstadt 98,2
65,1. FC Koeln,Dynamo Dresden,4
66,1. FC Koeln,Eintracht Braunschweig,20
67,1. FC Koeln,Eintracht Frankfurt,37
68,1. FC Koeln,Energie Cottbus,3
69,1. FC Koeln,FC Homburg,3
70,1. FC Koeln,FC St. Pauli,7
71,1. FC Koeln,Fortuna Duesseldorf,22
72,1. FC Koeln,Fortuna Koeln,1
73,1. FC Koeln,Hamburger SV,40
74,1. FC Koeln,Hannover 96,17
75,1. FC Koeln,Hansa Rostock,7
76,1. FC Koeln,Hertha BSC Berlin,22
77,1. FC Koeln,KFC Uerdingen,1
78,1. FC Koeln,Karlsruher SC,23
79,1. FC Koeln,Kickers Offenbach,7
80,1. FC Koeln,MSV Duisburg,22
81,1. FC Koeln,Meidericher SV,3
82,1. FC Koeln,Preussen Muenster,1
83,1. FC Koeln,Rot-Weiss Essen,7
84,1. FC Koeln,Rot-Weiss Oberhausen,4
85,1. FC Koeln,SC Freiburg,7
86,1. FC Koeln,Schalke 04,35
87,1. FC Koeln,SpVgg Unterhaching,1
88,1. FC Koeln,Stuttgarter Kickers,2
89,1. FC Koeln,TSV 1860 Muenchen,17
90,1. FC Koeln,Tasmania Berlin,1
91,1. FC Koeln,Tennis Borussia Berlin,2
92,1. FC Koeln,VfB Leipzig,1
93,1. FC Koeln,VfB Stuttgart,38
94,1. FC Koeln,VfL Bochum,28
95,1. FC Koeln,VfL Wolfsburg,6
96,1. FC Koeln,Waldhof Mannheim,7
97,1. FC Koeln,Wattenscheid 09,4
98,1. FC Koeln,Werder Bremen,39
99,1. FC Koeln,Wuppertaler SV,3
100,1. FC Nuernberg,1. FC Kaiserslautern,25
101,1. FC Nuernberg,1. FC Koeln,22
102,1. FC Nuernberg,1. FC Saarbruecken,3
103,1. FC Nuernberg,1. FSV Mainz 05,3
104,1. FC Nuernberg,Alemannia Aachen,3
105,1. FC Nuernberg,Arminia Bielefeld,10
106,1. FC Nuernberg,Bayer Leverkusen,20
107,1. FC Nuernberg,Bayer Uerdingen,9
108,1. FC Nuernberg,Bayern Muenchen,25
109,1. FC Nuernberg,Blau-Weiss 90 Berlin,1
110,1. FC Nuernberg,Borussia Dortmund,27
111,1. FC Nuernberg,Borussia Moenchengladbach,24
112,1. FC Nuernberg,Borussia Neunkirchen,3
113,1. FC Nuernberg,Darmstadt 98,2
114,1. FC Nuernberg,Dynamo Dresden,3
115,1. FC Nuernberg,Eintracht Braunschweig,10
116,1. FC Nuernberg,Eintracht Frankfurt,24
117,1. FC Nuernberg,Energie Cottbus,4
118,1. FC Nuernberg,FC Homburg,3
119,1. FC Nuernberg,FC St. Pauli,4
120,1. FC Nuernberg,Fortuna Duesseldorf,11
121,1. FC Nuernberg,Hamburger SV,27
122,1. FC Nuernberg,Hannover 96,13
123,1. FC Nuernberg,Hansa Rostock,6
124,1. FC Nuernberg,Hertha BSC Berlin,13
125,1. FC Nuernberg,Karlsruher SC,16
126,1. FC Nuernberg,Kickers Offenbach,2
127,1. FC Nuernberg,MSV Duisburg,11
128,1. FC Nuernberg,Meidericher SV,3
129,1. FC Nuernberg,Preussen Muenster,1
130,1. FC Nuernberg,Rot-Weiss Essen,1
131,1. FC Nuernberg,SC Freiburg,4
132,1. FC Nuernberg,Schalke 04,22
133,1. FC Nuernberg,Stuttgarter Kickers,2
134,1. FC Nuernberg,TSV 1860 Muenchen,10
135,1. FC Nuernberg,Tasmania Berlin,1
136,1. FC Nuernberg,VfB Leipzig,1
137,1. FC Nuernberg,VfB Stuttgart,27
138,1. FC Nuernberg,VfL Bochum,18
139,1. FC Nuernberg,VfL Wolfsburg,7
140,1. FC Nuernberg,Waldhof Mannheim,6
141,1. FC Nuernberg,Wattenscheid 09,4
142,1. FC Nuernberg,Werder Bremen,26
143,1. FC Saarbruecken,1. FC Kaiserslautern,5
144,1. FC Saarbruecken,1. FC Koeln,5
145,1. FC Saarbruecken,1. FC Nuernberg,3
146,1. FC Saarbruecken,Bayer Leverkusen,2
147,1. FC Saarbruecken,Bayer Uerdingen,2
148,1. FC Saarbruecken,Bayern Muenchen,4
149,1. FC Saarbruecken,Borussia Dortmund,5
150,1. FC Saarbruecken,Borussia Moenchengladbach,4
151,1. FC Saarbruecken,Dynamo Dresden,1
152,1. FC Saarbruecken,Eintracht Braunschweig,3
153,1. FC Saarbruecken,Eintracht Frankfurt,5
154,1. FC Saarbruecken,FC St. Pauli,1
155,1. FC Saarbruecken,Fortuna Duesseldorf,3
156,1. FC Saarbruecken,Hamburger SV,5
157,1. FC Saarbruecken,Hannover 96,1
158,1. FC Saarbruecken,Hertha BSC Berlin,3
159,1. FC Saarbruecken,Karlsruher SC,3
160,1. FC Saarbruecken,MSV Duisburg,2
161,1. FC Saarbruecken,Meidericher SV,1
162,1. FC Saarbruecken,Preussen Muenster,1
163,1. FC Saarbruecken,Rot-Weiss Essen,1
164,1. FC Saarbruecken,Schalke 04,5
165,1. FC Saarbruecken,TSV 1860 Muenchen,2
166,1. FC Saarbruecken,Tennis Borussia Berlin,1
167,1. FC Saarbruecken,VfB Stuttgart,4
168,1. FC Saarbruecken,VfL Bochum,4
169,1. FC Saarbruecken,Waldhof Mannheim,1
170,1. FC Saarbruecken,Wattenscheid 09,1
171,1. FC Saarbruecken,Werder Bremen,5
172,1. FSV Mainz 05,1. FC Kaiserslautern,2
173,1. FSV Mainz 05,1. FC Koeln,1
174,1. FSV Mainz 05,1. FC Nuernberg,3
175,1. FSV Mainz 05,Alemannia Aachen,1
176,1. FSV Mainz 05,Arminia Bielefeld,3
177,1. FSV Mainz 05,Bayer Leverkusen,3
178,1. FSV Mainz 05,Bayern Muenchen,3
179,1. FSV Mainz 05,Borussia Dortmund,3
180,1. FSV Mainz 05,Borussia Moenchengladbach,3
181,1. FSV Mainz 05,Eintracht Frankfurt,2
182,1. FSV Mainz 05,Energie Cottbus,1
183,1. FSV Mainz 05,Hamburger SV,3
184,1. FSV Mainz 05,Hannover 96,3
185,1. FSV Mainz 05,Hansa Rostock,1
186,1. FSV Mainz 05,Hertha BSC Berlin,3
187,1. FSV Mainz 05,MSV Duisburg,1
188,1. FSV Mainz 05,SC Freiburg,1
189,1. FSV Mainz 05,Schalke 04,3
190,1. FSV Mainz 05,VfB Stuttgart,3
191,1. FSV Mainz 05,VfL Bochum,2
192,1. FSV Mainz 05,VfL Wolfsburg,3
193,1. FSV Mainz 05,Werder Bremen,3
194,1899 Hoffenheim,1. FC Koeln,1
195,1899 Hoffenheim,Arminia Bielefeld,1
196,1899 Hoffenheim,Bayer Leverkusen,1
197,1899 Hoffenheim,Bayern Muenchen,1
198,1899 Hoffenheim,Borussia Dortmund,1
199,1899 Hoffenheim,Borussia Moenchengladbach,1
200,1899 Hoffenheim,Eintracht Frankfurt,1
201,1899 Hoffenheim,Energie Cottbus,1
202,1899 Hoffenheim,Hamburger SV,1
203,1899 Hoffenheim,Hannover 96,1
204,1899 Hoffenheim,Hertha BSC Berlin,1
205,1899 Hoffenheim,Karlsruher SC,1
206,1899 Hoffenheim,Schalke 04,1
207,1899 Hoffenheim,VfB Stuttgart,1
208,1899 Hoffenheim,VfL Bochum,1
209,1899 Hoffenheim,VfL Wolfsburg,1
210,1899 Hoffenheim,Werder Bremen,1
211,Alemannia Aachen,1. FC Kaiserslautern,3
212,Alemannia Aachen,1. FC Koeln,3
213,Alemannia Aachen,1. FC Nuernberg,3
214,Alemannia Aachen,1. FSV Mainz 05,1
215,Alemannia Aachen,Arminia Bielefeld,1
216,Alemannia Aachen,Bayer Leverkusen,1
217,Alemannia Aachen,Bayern Muenchen,4
218,Alemannia Aachen,Borussia Dortmund,4
219,Alemannia Aachen,Borussia Moenchengladbach,4
220,Alemannia Aachen,Borussia Neunkirchen,1
221,Alemannia Aachen,Eintracht Braunschweig,3
222,Alemannia Aachen,Eintracht Frankfurt,4
223,Alemannia Aachen,Energie Cottbus,1
224,Alemannia Aachen,Hamburger SV,4
225,Alemannia Aachen,Hannover 96,4
226,Alemannia Aachen,Hertha BSC Berlin,3
227,Alemannia Aachen,Karlsruher SC,1
228,Alemannia Aachen,Kickers Offenbach,1
229,Alemannia Aachen,MSV Duisburg,3
230,Alemannia Aachen,Rot-Weiss Essen,1
231,Alemannia Aachen,Rot-Weiss Oberhausen,1
232,Alemannia Aachen,Schalke 04,4
233,Alemannia Aachen,TSV 1860 Muenchen,3
234,Alemannia Aachen,VfB Stuttgart,4
235,Alemannia Aachen,VfL Bochum,1
236,Alemannia Aachen,VfL Wolfsburg,1
237,Alemannia Aachen,Werder Bremen,4
238,Arminia Bielefeld,1. FC Kaiserslautern,13
239,Arminia Bielefeld,1. FC Koeln,12
240,Arminia Bielefeld,1. FC Nuernberg,10
241,Arminia Bielefeld,1. FSV Mainz 05,3
242,Arminia Bielefeld,1899 Hoffenheim,1
243,Arminia Bielefeld,Alemannia Aachen,1
244,Arminia Bielefeld,Bayer Leverkusen,14
245,Arminia Bielefeld,Bayer Uerdingen,3
246,Arminia Bielefeld,Bayern Muenchen,17
247,Arminia Bielefeld,Borussia Dortmund,17
248,Arminia Bielefeld,Borussia Moenchengladbach,15
249,Arminia Bielefeld,Darmstadt 98,2
250,Arminia Bielefeld,Eintracht Braunschweig,7
251,Arminia Bielefeld,Eintracht Frankfurt,13
252,Arminia Bielefeld,Energie Cottbus,4
253,Arminia Bielefeld,FC St. Pauli,1
254,Arminia Bielefeld,Fortuna Duesseldorf,8
255,Arminia Bielefeld,Hamburger SV,17
256,Arminia Bielefeld,Hannover 96,8
257,Arminia Bielefeld,Hansa Rostock,6
258,Arminia Bielefeld,Hertha BSC Berlin,12
259,Arminia Bielefeld,Karlsruher SC,8
260,Arminia Bielefeld,Kickers Offenbach,2
261,Arminia Bielefeld,MSV Duisburg,10
262,Arminia Bielefeld,Rot-Weiss Essen,1
263,Arminia Bielefeld,Rot-Weiss Oberhausen,2
264,Arminia Bielefeld,SC Freiburg,3
265,Arminia Bielefeld,SSV Ulm,1
266,Arminia Bielefeld,Schalke 04,15
267,Arminia Bielefeld,SpVgg Unterhaching,1
268,Arminia Bielefeld,TSV 1860 Muenchen,5
269,Arminia Bielefeld,VfB Stuttgart,17
270,Arminia Bielefeld,VfL Bochum,14
271,Arminia Bielefeld,VfL Wolfsburg,8
272,Arminia Bielefeld,Waldhof Mannheim,2
273,Arminia Bielefeld,Werder Bremen,16
274,Bayer Leverkusen,1. FC Kaiserslautern,26
275,Bayer Leverkusen,1. FC Koeln,24
276,Bayer Leverkusen,1. FC Nuernberg,20
277,Bayer Leverkusen,1. FC Saarbruecken,2
278,Bayer Leverkusen,1. FSV Mainz 05,3
279,Bayer Leverkusen,1899 Hoffenheim,1
280,Bayer Leverkusen,Alemannia Aachen,1
281,Bayer Leverkusen,Arminia Bielefeld,14
282,Bayer Leverkusen,Bayer Uerdingen,12
283,Bayer Leverkusen,Bayern Muenchen,30
284,Bayer Leverkusen,Blau-Weiss 90 Berlin,1
285,Bayer Leverkusen,Borussia Dortmund,30
286,Bayer Leverkusen,Borussia Moenchengladbach,27
287,Bayer Leverkusen,Darmstadt 98,1
288,Bayer Leverkusen,Dynamo Dresden,4
289,Bayer Leverkusen,Eintracht Braunschweig,5
290,Bayer Leverkusen,Eintracht Frankfurt,25
291,Bayer Leverkusen,Energie Cottbus,6
292,Bayer Leverkusen,FC Homburg,3
293,Bayer Leverkusen,FC St. Pauli,6
294,Bayer Leverkusen,Fortuna Duesseldorf,13
295,Bayer Leverkusen,Hamburger SV,30
296,Bayer Leverkusen,Hannover 96,10
297,Bayer Leverkusen,Hansa Rostock,12
298,Bayer Leverkusen,Hertha BSC Berlin,15
299,Bayer Leverkusen,KFC Uerdingen,1
300,Bayer Leverkusen,Karlsruher SC,17
301,Bayer Leverkusen,Kickers Offenbach,1
302,Bayer Leverkusen,MSV Duisburg,12
303,Bayer Leverkusen,SC Freiburg,10
304,Bayer Leverkusen,SSV Ulm,1
305,Bayer Leverkusen,Schalke 04,25
306,Bayer Leverkusen,SpVgg Unterhaching,2
307,Bayer Leverkusen,Stuttgarter Kickers,2
308,Bayer Leverkusen,TSV 1860 Muenchen,12
309,Bayer Leverkusen,VfB Leipzig,1
310,Bayer Leverkusen,VfB Stuttgart,30
311,Bayer Leverkusen,VfL Bochum,25
312,Bayer Leverkusen,VfL Wolfsburg,12
313,Bayer Leverkusen,Waldhof Mannheim,7
314,Bayer Leverkusen,Wattenscheid 09,4
315,Bayer Leverkusen,Werder Bremen,29
316,Bayer Uerdingen,1. FC Kaiserslautern,13
317,Bayer Uerdingen,1. FC Koeln,13
318,Bayer Uerdingen,1. FC Nuernberg,9
319,Bayer Uerdingen,1. FC Saarbruecken,2
320,Bayer Uerdingen,Arminia Bielefeld,3
321,Bayer Uerdingen,Bayer Leverkusen,12
322,Bayer Uerdingen,Bayern Muenchen,13
323,Bayer Uerdingen,Blau-Weiss 90 Berlin,1
324,Bayer Uerdingen,Borussia Dortmund,12
325,Bayer Uerdingen,Borussia Moenchengladbach,13
326,Bayer Uerdingen,Dynamo Dresden,2
327,Bayer Uerdingen,Eintracht Braunschweig,4
328,Bayer Uerdingen,Eintracht Frankfurt,13
329,Bayer Uerdingen,FC Homburg,3
330,Bayer Uerdingen,FC St. Pauli,3
331,Bayer Uerdingen,Fortuna Duesseldorf,9
332,Bayer Uerdingen,Hamburger SV,13
333,Bayer Uerdingen,Hannover 96,4
334,Bayer Uerdingen,Hertha BSC Berlin,3
335,Bayer Uerdingen,Karlsruher SC,9
336,Bayer Uerdingen,Kickers Offenbach,2
337,Bayer Uerdingen,MSV Duisburg,4
338,Bayer Uerdingen,Rot-Weiss Essen,1
339,Bayer Uerdingen,SC Freiburg,1
340,Bayer Uerdingen,Schalke 04,9
341,Bayer Uerdingen,Stuttgarter Kickers,1
342,Bayer Uerdingen,TSV 1860 Muenchen,3
343,Bayer Uerdingen,VfB Stuttgart,12
344,Bayer Uerdingen,VfL Bochum,13
345,Bayer Uerdingen,Waldhof Mannheim,7
346,Bayer Uerdingen,Wattenscheid 09,2
347,Bayer Uerdingen,Werder Bremen,12
348,Bayern Muenchen,1. FC Kaiserslautern,40
349,Bayern Muenchen,1. FC Koeln,38
350,Bayern Muenchen,1. FC Nuernberg,25
351,Bayern Muenchen,1. FC Saarbruecken,4
352,Bayern Muenchen,1. FSV Mainz 05,3
353,Bayern Muenchen,1899 Hoffenheim,1
354,Bayern Muenchen,Alemannia Aachen,4
355,Bayern Muenchen,Arminia Bielefeld,17
356,Bayern Muenchen,Bayer Leverkusen,30
357,Bayern Muenchen,Bayer Uerdingen,13
358,Bayern Muenchen,Blau-Weiss 90 Berlin,1
359,Bayern Muenchen,Borussia Dortmund,40
360,Bayern Muenchen,Borussia Moenchengladbach,41
361,Bayern Muenchen,Borussia Neunkirchen,2
362,Bayern Muenchen,Darmstadt 98,2
363,Bayern Muenchen,Dynamo Dresden,4
364,Bayern Muenchen,Eintracht Braunschweig,18
365,Bayern Muenchen,Eintracht Frankfurt,39
366,Bayern Muenchen,Energie Cottbus,6
367,Bayern Muenchen,FC Homburg,3
368,Bayern Muenchen,FC St. Pauli,7
369,Bayern Muenchen,Fortuna Duesseldorf,22
370,Bayern Muenchen,Fortuna Koeln,1
371,Bayern Muenchen,Hamburger SV,44
372,Bayern Muenchen,Hannover 96,20
373,Bayern Muenchen,Hansa Rostock,12
374,Bayern Muenchen,Hertha BSC Berlin,26
375,Bayern Muenchen,KFC Uerdingen,1
376,Bayern Muenchen,Karlsruher SC,22
377,Bayern Muenchen,Kickers Offenbach,7
378,Bayern Muenchen,MSV Duisburg,25
379,Bayern Muenchen,Meidericher SV,1
380,Bayern Muenchen,Rot-Weiss Essen,7
381,Bayern Muenchen,Rot-Weiss Oberhausen,4
382,Bayern Muenchen,SC Freiburg,10
383,Bayern Muenchen,SSV Ulm,1
384,Bayern Muenchen,Schalke 04,39
385,Bayern Muenchen,SpVgg Unterhaching,2
386,Bayern Muenchen,Stuttgarter Kickers,2
387,Bayern Muenchen,TSV 1860 Muenchen,18
388,Bayern Muenchen,Tasmania Berlin,1
389,Bayern Muenchen,Tennis Borussia Berlin,2
390,Bayern Muenchen,VfB Leipzig,1
391,Bayern Muenchen,VfB Stuttgart,42
392,Bayern Muenchen,VfL Bochum,33
393,Bayern Muenchen,VfL Wolfsburg,12
394,Bayern Muenchen,Waldhof Mannheim,7
395,Bayern Muenchen,Wattenscheid 09,4
396,Bayern Muenchen,Werder Bremen,43
397,Bayern Muenchen,Wuppertaler SV,3
398,Blau-Weiss 90 Berlin,1. FC Kaiserslautern,1
399,Blau-Weiss 90 Berlin,1. FC Koeln,1
400,Blau-Weiss 90 Berlin,1. FC Nuernberg,1
401,Blau-Weiss 90 Berlin,Bayer Leverkusen,1
402,Blau-Weiss 90 Berlin,Bayer Uerdingen,1
403,Blau-Weiss 90 Berlin,Bayern Muenchen,1
404,Blau-Weiss 90 Berlin,Borussia Dortmund,1
405,Blau-Weiss 90 Berlin,Borussia Moenchengladbach,1
406,Blau-Weiss 90 Berlin,Eintracht Frankfurt,1
407,Blau-Weiss 90 Berlin,FC Homburg,1
408,Blau-Weiss 90 Berlin,Fortuna Duesseldorf,1
409,Blau-Weiss 90 Berlin,Hamburger SV,1
410,Blau-Weiss 90 Berlin,Schalke 04,1
411,Blau-Weiss 90 Berlin,VfB Stuttgart,1
412,Blau-Weiss 90 Berlin,VfL Bochum,1
413,Blau-Weiss 90 Berlin,Waldhof Mannheim,1
414,Blau-Weiss 90 Berlin,Werder Bremen,1
415,Borussia Dortmund,1. FC Kaiserslautern,38
416,Borussia Dortmund,1. FC Koeln,36
417,Borussia Dortmund,1. FC Nuernberg,27
418,Borussia Dortmund,1. FC Saarbruecken,5
419,Borussia Dortmund,1. FSV Mainz 05,3
420,Borussia Dortmund,1899 Hoffenheim,1
421,Borussia Dortmund,Alemannia Aachen,4
422,Borussia Dortmund,Arminia Bielefeld,17
423,Borussia Dortmund,Bayer Leverkusen,30
424,Borussia Dortmund,Bayer Uerdingen,12
425,Borussia Dortmund,Bayern Muenchen,40
426,Borussia Dortmund,Blau-Weiss 90 Berlin,1
427,Borussia Dortmund,Borussia Moenchengladbach,37
428,Borussia Dortmund,Borussia Neunkirchen,3
429,Borussia Dortmund,Darmstadt 98,2
430,Borussia Dortmund,Dynamo Dresden,4
431,Borussia Dortmund,Eintracht Braunschweig,17
432,Borussia Dortmund,Eintracht Frankfurt,37
433,Borussia Dortmund,Energie Cottbus,6
434,Borussia Dortmund,FC Homburg,3
435,Borussia Dortmund,FC St. Pauli,7
436,Borussia Dortmund,Fortuna Duesseldorf,18
437,Borussia Dortmund,Hamburger SV,42
438,Borussia Dortmund,Hannover 96,18
439,Borussia Dortmund,Hansa Rostock,12
440,Borussia Dortmund,Hertha BSC Berlin,24
441,Borussia Dortmund,KFC Uerdingen,1
442,Borussia Dortmund,Karlsruher SC,23
443,Borussia Dortmund,Kickers Offenbach,3
444,Borussia Dortmund,MSV Duisburg,21
445,Borussia Dortmund,Meidericher SV,3
446,Borussia Dortmund,Preussen Muenster,1
447,Borussia Dortmund,Rot-Weiss Essen,4
448,Borussia Dortmund,Rot-Weiss Oberhausen,3
449,Borussia Dortmund,SC Freiburg,10
450,Borussia Dortmund,SSV Ulm,1
451,Borussia Dortmund,Schalke 04,37
452,Borussia Dortmund,SpVgg Unterhaching,2
453,Borussia Dortmund,Stuttgarter Kickers,2
454,Borussia Dortmund,TSV 1860 Muenchen,20
455,Borussia Dortmund,Tasmania Berlin,1
456,Borussia Dortmund,Tennis Borussia Berlin,1
457,Borussia Dortmund,VfB Leipzig,1
458,Borussia Dortmund,VfB Stuttgart,41
459,Borussia Dortmund,VfL Bochum,29
460,Borussia Dortmund,VfL Wolfsburg,12
461,Borussia Dortmund,Waldhof Mannheim,7
462,Borussia Dortmund,Wattenscheid 09,4
463,Borussia Dortmund,Werder Bremen,41
464,Borussia Moenchengladbach,1. FC Kaiserslautern,38
465,Borussia Moenchengladbach,1. FC Koeln,37
466,Borussia Moenchengladbach,1. FC Nuernberg,24
467,Borussia Moenchengladbach,1. FC Saarbruecken,4
468,Borussia Moenchengladbach,1. FSV Mainz 05,3
469,Borussia Moenchengladbach,1899 Hoffenheim,1
470,Borussia Moenchengladbach,Alemannia Aachen,4
471,Borussia Moenchengladbach,Arminia Bielefeld,15
472,Borussia Moenchengladbach,Bayer Leverkusen,27
473,Borussia Moenchengladbach,Bayer Uerdingen,13
474,Borussia Moenchengladbach,Bayern Muenchen,41
475,Borussia Moenchengladbach,Blau-Weiss 90 Berlin,1
476,Borussia Moenchengladbach,Borussia Dortmund,37
477,Borussia Moenchengladbach,Borussia Neunkirchen,2
478,Borussia Moenchengladbach,Darmstadt 98,2
479,Borussia Moenchengladbach,Dynamo Dresden,4
480,Borussia Moenchengladbach,Eintracht Braunschweig,18
481,Borussia Moenchengladbach,Eintracht Frankfurt,36
482,Borussia Moenchengladbach,Energie Cottbus,4
483,Borussia Moenchengladbach,FC Homburg,3
484,Borussia Moenchengladbach,FC St. Pauli,7
485,Borussia Moenchengladbach,Fortuna Duesseldorf,22
486,Borussia Moenchengladbach,Fortuna Koeln,1
487,Borussia Moenchengladbach,Hamburger SV,41
488,Borussia Moenchengladbach,Hannover 96,19
489,Borussia Moenchengladbach,Hansa Rostock,9
490,Borussia Moenchengladbach,Hertha BSC Berlin,23
491,Borussia Moenchengladbach,KFC Uerdingen,1
492,Borussia Moenchengladbach,Karlsruher SC,21
493,Borussia Moenchengladbach,Kickers Offenbach,7
494,Borussia Moenchengladbach,MSV Duisburg,23
495,Borussia Moenchengladbach,Meidericher SV,1
496,Borussia Moenchengladbach,Rot-Weiss Essen,7
497,Borussia Moenchengladbach,Rot-Weiss Oberhausen,4
498,Borussia Moenchengladbach,SC Freiburg,8
499,Borussia Moenchengladbach,Schalke 04,36
500,Borussia Moenchengladbach,Stuttgarter Kickers,2
501,Borussia Moenchengladbach,TSV 1860 Muenchen,16
502,Borussia Moenchengladbach,Tasmania Berlin,1
503,Borussia Moenchengladbach,Tennis Borussia Berlin,2
504,Borussia Moenchengladbach,VfB Leipzig,1
505,Borussia Moenchengladbach,VfB Stuttgart,39
506,Borussia Moenchengladbach,VfL Bochum,31
507,Borussia Moenchengladbach,VfL Wolfsburg,9
508,Borussia Moenchengladbach,Waldhof Mannheim,7
509,Borussia Moenchengladbach,Wattenscheid 09,4
510,Borussia Moenchengladbach,Werder Bremen,40
511,Borussia Moenchengladbach,Wuppertaler SV,3
512,Borussia Neunkirchen,1. FC Kaiserslautern,3
513,Borussia Neunkirchen,1. FC Koeln,3
514,Borussia Neunkirchen,1. FC Nuernberg,3
515,Borussia Neunkirchen,Alemannia Aachen,1
516,Borussia Neunkirchen,Bayern Muenchen,2
517,Borussia Neunkirchen,Borussia Dortmund,3
518,Borussia Neunkirchen,Borussia Moenchengladbach,2
519,Borussia Neunkirchen,Eintracht Braunschweig,3
520,Borussia Neunkirchen,Eintracht Frankfurt,3
521,Borussia Neunkirchen,Hamburger SV,3
522,Borussia Neunkirchen,Hannover 96,3
523,Borussia Neunkirchen,Hertha BSC Berlin,1
524,Borussia Neunkirchen,Karlsruher SC,3
525,Borussia Neunkirchen,MSV Duisburg,1
526,Borussia Neunkirchen,Meidericher SV,2
527,Borussia Neunkirchen,Schalke 04,3
528,Borussia Neunkirchen,TSV 1860 Muenchen,3
529,Borussia Neunkirchen,Tasmania Berlin,1
530,Borussia Neunkirchen,VfB Stuttgart,3
531,Borussia Neunkirchen,Werder Bremen,3
532,Darmstadt 98,1. FC Kaiserslautern,2
533,Darmstadt 98,1. FC Koeln,2
534,Darmstadt 98,1. FC Nuernberg,2
535,Darmstadt 98,Arminia Bielefeld,2
536,Darmstadt 98,Bayer Leverkusen,1
537,Darmstadt 98,Bayern Muenchen,2
538,Darmstadt 98,Borussia Dortmund,2
539,Darmstadt 98,Borussia Moenchengladbach,2
540,Darmstadt 98,Eintracht Braunschweig,2
541,Darmstadt 98,Eintracht Frankfurt,2
542,Darmstadt 98,Fortuna Duesseldorf,2
543,Darmstadt 98,Hamburger SV,2
544,Darmstadt 98,Hertha BSC Berlin,1
545,Darmstadt 98,Karlsruher SC,1
546,Darmstadt 98,MSV Duisburg,2
547,Darmstadt 98,Schalke 04,1
548,Darmstadt 98,VfB Stuttgart,2
549,Darmstadt 98,VfL Bochum,2
550,Darmstadt 98,Werder Bremen,2
551,Dynamo Dresden,1. FC Kaiserslautern,4
552,Dynamo Dresden,1. FC Koeln,4
553,Dynamo Dresden,1. FC Nuernberg,3
554,Dynamo Dresden,1. FC Saarbruecken,1
555,Dynamo Dresden,Bayer Leverkusen,4
556,Dynamo Dresden,Bayer Uerdingen,2
557,Dynamo Dresden,Bayern Muenchen,4
558,Dynamo Dresden,Borussia Dortmund,4
559,Dynamo Dresden,Borussia Moenchengladbach,4
560,Dynamo Dresden,Eintracht Frankfurt,4
561,Dynamo Dresden,Fortuna Duesseldorf,1
562,Dynamo Dresden,Hamburger SV,4
563,Dynamo Dresden,Hansa Rostock,1
564,Dynamo Dresden,Karlsruher SC,4
565,Dynamo Dresden,MSV Duisburg,3
566,Dynamo Dresden,SC Freiburg,2
567,Dynamo Dresden,Schalke 04,4
568,Dynamo Dresden,Stuttgarter Kickers,1
569,Dynamo Dresden,TSV 1860 Muenchen,1
570,Dynamo Dresden,VfB Leipzig,1
571,Dynamo Dresden,VfB Stuttgart,4
572,Dynamo Dresden,VfL Bochum,3
573,Dynamo Dresden,Wattenscheid 09,3
574,Dynamo Dresden,Werder Bremen,4
575,Eintracht Braunschweig,1. FC Kaiserslautern,20
576,Eintracht Braunschweig,1. FC Koeln,20
577,Eintracht Braunschweig,1. FC Nuernberg,10
578,Eintracht Braunschweig,1. FC Saarbruecken,3
579,Eintracht Braunschweig,Alemannia Aachen,3
580,Eintracht Braunschweig,Arminia Bielefeld,7
581,Eintracht Braunschweig,Bayer Leverkusen,5
582,Eintracht Braunschweig,Bayer Uerdingen,4
583,Eintracht Braunschweig,Bayern Muenchen,18
584,Eintracht Braunschweig,Borussia Dortmund,17
585,Eintracht Braunschweig,Borussia Moenchengladbach,18
586,Eintracht Braunschweig,Borussia Neunkirchen,3
587,Eintracht Braunschweig,Darmstadt 98,2
588,Eintracht Braunschweig,Eintracht Frankfurt,20
589,Eintracht Braunschweig,FC St. Pauli,1
590,Eintracht Braunschweig,Fortuna Duesseldorf,13
591,Eintracht Braunschweig,Hamburger SV,20
592,Eintracht Braunschweig,Hannover 96,10
593,Eintracht Braunschweig,Hertha BSC Berlin,14
594,Eintracht Braunschweig,Karlsruher SC,10
595,Eintracht Braunschweig,Kickers Offenbach,6
596,Eintracht Braunschweig,MSV Duisburg,14
597,Eintracht Braunschweig,Meidericher SV,3
598,Eintracht Braunschweig,Preussen Muenster,1
599,Eintracht Braunschweig,Rot-Weiss Essen,6
600,Eintracht Braunschweig,Rot-Weiss Oberhausen,4
601,Eintracht Braunschweig,Schalke 04,18
602,Eintracht Braunschweig,TSV 1860 Muenchen,9
603,Eintracht Braunschweig,Tasmania Berlin,1
604,Eintracht Braunschweig,Tennis Borussia Berlin,2
605,Eintracht Braunschweig,VfB Stuttgart,18
606,Eintracht Braunschweig,VfL Bochum,12
607,Eintracht Braunschweig,Waldhof Mannheim,2
608,Eintracht Braunschweig,Werder Bremen,20
609,Eintracht Braunschweig,Wuppertaler SV,2
610,Eintracht Frankfurt,1. FC Kaiserslautern,38
611,Eintracht Frankfurt,1. FC Koeln,37
612,Eintracht Frankfurt,1. FC Nuernberg,24
613,Eintracht Frankfurt,1. FC Saarbruecken,5
614,Eintracht Frankfurt,1. FSV Mainz 05,2
615,Eintracht Frankfurt,1899 Hoffenheim,1
616,Eintracht Frankfurt,Alemannia Aachen,4
617,Eintracht Frankfurt,Arminia Bielefeld,13
618,Eintracht Frankfurt,Bayer Leverkusen,25
619,Eintracht Frankfurt,Bayer Uerdingen,13
620,Eintracht Frankfurt,Bayern Muenchen,39
621,Eintracht Frankfurt,Blau-Weiss 90 Berlin,1
622,Eintracht Frankfurt,Borussia Dortmund,37
623,Eintracht Frankfurt,Borussia Moenchengladbach,36
624,Eintracht Frankfurt,Borussia Neunkirchen,3
625,Eintracht Frankfurt,Darmstadt 98,2
626,Eintracht Frankfurt,Dynamo Dresden,4
627,Eintracht Frankfurt,Eintracht Braunschweig,20
628,Eintracht Frankfurt,Energie Cottbus,4
629,Eintracht Frankfurt,FC Homburg,3
630,Eintracht Frankfurt,FC St. Pauli,5
631,Eintracht Frankfurt,Fortuna Duesseldorf,21
632,Eintracht Frankfurt,Fortuna Koeln,1
633,Eintracht Frankfurt,Hamburger SV,41
634,Eintracht Frankfurt,Hannover 96,19
635,Eintracht Frankfurt,Hansa Rostock,7
636,Eintracht Frankfurt,Hertha BSC Berlin,24
637,Eintracht Frankfurt,KFC Uerdingen,1
638,Eintracht Frankfurt,Karlsruher SC,22
639,Eintracht Frankfurt,Kickers Offenbach,7
640,Eintracht Frankfurt,MSV Duisburg,23
641,Eintracht Frankfurt,Meidericher SV,3
642,Eintracht Frankfurt,Preussen Muenster,1
643,Eintracht Frankfurt,Rot-Weiss Essen,7
644,Eintracht Frankfurt,Rot-Weiss Oberhausen,4
645,Eintracht Frankfurt,SC Freiburg,7
646,Eintracht Frankfurt,SSV Ulm,1
647,Eintracht Frankfurt,Schalke 04,36
648,Eintracht Frankfurt,SpVgg Unterhaching,2
649,Eintracht Frankfurt,Stuttgarter Kickers,2
650,Eintracht Frankfurt,TSV 1860 Muenchen,16
651,Eintracht Frankfurt,Tasmania Berlin,1
652,Eintracht Frankfurt,Tennis Borussia Berlin,2
653,Eintracht Frankfurt,VfB Leipzig,1
654,Eintracht Frankfurt,VfB Stuttgart,39
655,Eintracht Frankfurt,VfL Bochum,29
656,Eintracht Frankfurt,VfL Wolfsburg,8
657,Eintracht Frankfurt,Waldhof Mannheim,7
658,Eintracht Frankfurt,Wattenscheid 09,4
659,Eintracht Frankfurt,Werder Bremen,40
660,Eintracht Frankfurt,Wuppertaler SV,3
661,Energie Cottbus,1. FC Kaiserslautern,3
662,Energie Cottbus,1. FC Koeln,3
663,Energie Cottbus,1. FC Nuernberg,4
664,Energie Cottbus,1. FSV Mainz 05,1
665,Energie Cottbus,1899 Hoffenheim,1
666,Energie Cottbus,Alemannia Aachen,1
667,Energie Cottbus,Arminia Bielefeld,4
668,Energie Cottbus,Bayer Leverkusen,6
669,Energie Cottbus,Bayern Muenchen,6
670,Energie Cottbus,Borussia Dortmund,6
671,Energie Cottbus,Borussia Moenchengladbach,4
672,Energie Cottbus,Eintracht Frankfurt,4
673,Energie Cottbus,FC St. Pauli,1
674,Energie Cottbus,Hamburger SV,6
675,Energie Cottbus,Hannover 96,4
676,Energie Cottbus,Hansa Rostock,4
677,Energie Cottbus,Hertha BSC Berlin,6
678,Energie Cottbus,Karlsruher SC,2
679,Energie Cottbus,MSV Duisburg,1
680,Energie Cottbus,SC Freiburg,2
681,Energie Cottbus,Schalke 04,6
682,Energie Cottbus,SpVgg Unterhaching,1
683,Energie Cottbus,TSV 1860 Muenchen,3
684,Energie Cottbus,VfB Stuttgart,6
685,Energie Cottbus,VfL Bochum,5
686,Energie Cottbus,VfL Wolfsburg,6
687,Energie Cottbus,Werder Bremen,6
688,FC Homburg,1. FC Kaiserslautern,3
689,FC Homburg,1. FC Koeln,3
690,FC Homburg,1. FC Nuernberg,3
691,FC Homburg,Bayer Leverkusen,3
692,FC Homburg,Bayer Uerdingen,3
693,FC Homburg,Bayern Muenchen,3
694,FC Homburg,Blau-Weiss 90 Berlin,1
695,FC Homburg,Borussia Dortmund,3
696,FC Homburg,Borussia Moenchengladbach,3
697,FC Homburg,Eintracht Frankfurt,3
698,FC Homburg,FC St. Pauli,1
699,FC Homburg,Fortuna Duesseldorf,2
700,FC Homburg,Hamburger SV,3
701,FC Homburg,Hannover 96,1
702,FC Homburg,Karlsruher SC,2
703,FC Homburg,Schalke 04,2
704,FC Homburg,VfB Stuttgart,3
705,FC Homburg,VfL Bochum,3
706,FC Homburg,Waldhof Mannheim,3
707,FC Homburg,Werder Bremen,3
708,FC St. Pauli,1. FC Kaiserslautern,6
709,FC St. Pauli,1. FC Koeln,7
710,FC St. Pauli,1. FC Nuernberg,4
711,FC St. Pauli,1. FC Saarbruecken,1
712,FC St. Pauli,Arminia Bielefeld,1
713,FC St. Pauli,Bayer Leverkusen,6
714,FC St. Pauli,Bayer Uerdingen,3
715,FC St. Pauli,Bayern Muenchen,7
716,FC St. Pauli,Borussia Dortmund,7
717,FC St. Pauli,Borussia Moenchengladbach,7
718,FC St. Pauli,Eintracht Braunschweig,1
719,FC St. Pauli,Eintracht Frankfurt,5
720,FC St. Pauli,Energie Cottbus,1
721,FC St. Pauli,FC Homburg,1
722,FC St. Pauli,Fortuna Duesseldorf,5
723,FC St. Pauli,Hamburger SV,7
724,FC St. Pauli,Hannover 96,1
725,FC St. Pauli,Hansa Rostock,3
726,FC St. Pauli,Hertha BSC Berlin,3
727,FC St. Pauli,KFC Uerdingen,1
728,FC St. Pauli,Karlsruher SC,5
729,FC St. Pauli,MSV Duisburg,2
730,FC St. Pauli,SC Freiburg,3
731,FC St. Pauli,Schalke 04,4
732,FC St. Pauli,Stuttgarter Kickers,1
733,FC St. Pauli,TSV 1860 Muenchen,4
734,FC St. Pauli,VfB Stuttgart,7
735,FC St. Pauli,VfL Bochum,5
736,FC St. Pauli,VfL Wolfsburg,1
737,FC St. Pauli,Waldhof Mannheim,2
738,FC St. Pauli,Wattenscheid 09,1
739,FC St. Pauli,Werder Bremen,7
740,Fortuna Duesseldorf,1. FC Kaiserslautern,21
741,Fortuna Duesseldorf,1. FC Koeln,22
742,Fortuna Duesseldorf,1. FC Nuernberg,11
743,Fortuna Duesseldorf,1. FC Saarbruecken,3
744,Fortuna Duesseldorf,Arminia Bielefeld,8
745,Fortuna Duesseldorf,Bayer Leverkusen,13
746,Fortuna Duesseldorf,Bayer Uerdingen,9
747,Fortuna Duesseldorf,Bayern Muenchen,22
748,Fortuna Duesseldorf,Blau-Weiss 90 Berlin,1
749,Fortuna Duesseldorf,Borussia Dortmund,18
750,Fortuna Duesseldorf,Borussia Moenchengladbach,22
751,Fortuna Duesseldorf,Darmstadt 98,2
752,Fortuna Duesseldorf,Dynamo Dresden,1
753,Fortuna Duesseldorf,Eintracht Braunschweig,13
754,Fortuna Duesseldorf,Eintracht Frankfurt,21
755,Fortuna Duesseldorf,FC Homburg,2
756,Fortuna Duesseldorf,FC St. Pauli,5
757,Fortuna Duesseldorf,Fortuna Koeln,1
758,Fortuna Duesseldorf,Hamburger SV,22
759,Fortuna Duesseldorf,Hannover 96,6
760,Fortuna Duesseldorf,Hansa Rostock,3
761,Fortuna Duesseldorf,Hertha BSC Berlin,11
762,Fortuna Duesseldorf,KFC Uerdingen,1
763,Fortuna Duesseldorf,Karlsruher SC,12
764,Fortuna Duesseldorf,Kickers Offenbach,5
765,Fortuna Duesseldorf,MSV Duisburg,14
766,Fortuna Duesseldorf,Rot-Weiss Essen,5
767,Fortuna Duesseldorf,Rot-Weiss Oberhausen,2
768,Fortuna Duesseldorf,SC Freiburg,2
769,Fortuna Duesseldorf,Schalke 04,18
770,Fortuna Duesseldorf,Stuttgarter Kickers,1
771,Fortuna Duesseldorf,TSV 1860 Muenchen,6
772,Fortuna Duesseldorf,Tennis Borussia Berlin,2
773,Fortuna Duesseldorf,VfB Stuttgart,20
774,Fortuna Duesseldorf,VfL Bochum,20
775,Fortuna Duesseldorf,Waldhof Mannheim,5
776,Fortuna Duesseldorf,Wattenscheid 09,2
777,Fortuna Duesseldorf,Werder Bremen,21
778,Fortuna Duesseldorf,Wuppertaler SV,3
779,Fortuna Koeln,1. FC Kaiserslautern,1
780,Fortuna Koeln,1. FC Koeln,1
781,Fortuna Koeln,Bayern Muenchen,1
782,Fortuna Koeln,Borussia Moenchengladbach,1
783,Fortuna Koeln,Eintracht Frankfurt,1
784,Fortuna Koeln,Fortuna Duesseldorf,1
785,Fortuna Koeln,Hamburger SV,1
786,Fortuna Koeln,Hannover 96,1
787,Fortuna Koeln,Hertha BSC Berlin,1
788,Fortuna Koeln,Kickers Offenbach,1
789,Fortuna Koeln,MSV Duisburg,1
790,Fortuna Koeln,Rot-Weiss Essen,1
791,Fortuna Koeln,Schalke 04,1
792,Fortuna Koeln,VfB Stuttgart,1
793,Fortuna Koeln,VfL Bochum,1
794,Fortuna Koeln,Werder Bremen,1
795,Fortuna Koeln,Wuppertaler SV,1
796,Hamburger SV,1. FC Kaiserslautern,42
797,Hamburger SV,1. FC Koeln,40
798,Hamburger SV,1. FC Nuernberg,27
799,Hamburger SV,1. FC Saarbruecken,5
800,Hamburger SV,1. FSV Mainz 05,3
801,Hamburger SV,1899 Hoffenheim,1
802,Hamburger SV,Alemannia Aachen,4
803,Hamburger SV,Arminia Bielefeld,17
804,Hamburger SV,Bayer Leverkusen,30
805,Hamburger SV,Bayer Uerdingen,13
806,Hamburger SV,Bayern Muenchen,44
807,Hamburger SV,Blau-Weiss 90 Berlin,1
808,Hamburger SV,Borussia Dortmund,42
809,Hamburger SV,Borussia Moenchengladbach,41
810,Hamburger SV,Borussia Neunkirchen,3
811,Hamburger SV,Darmstadt 98,2
812,Hamburger SV,Dynamo Dresden,4
813,Hamburger SV,Eintracht Braunschweig,20
814,Hamburger SV,Eintracht Frankfurt,41
815,Hamburger SV,Energie Cottbus,6
816,Hamburger SV,FC Homburg,3
817,Hamburger SV,FC St. Pauli,7
818,Hamburger SV,Fortuna Duesseldorf,22
819,Hamburger SV,Fortuna Koeln,1
820,Hamburger SV,Hannover 96,21
821,Hamburger SV,Hansa Rostock,12
822,Hamburger SV,Hertha BSC Berlin,28
823,Hamburger SV,KFC Uerdingen,1
824,Hamburger SV,Karlsruher SC,24
825,Hamburger SV,Kickers Offenbach,7
826,Hamburger SV,MSV Duisburg,25
827,Hamburger SV,Meidericher SV,3
828,Hamburger SV,Preussen Muenster,1
829,Hamburger SV,Rot-Weiss Essen,7
830,Hamburger SV,Rot-Weiss Oberhausen,4
831,Hamburger SV,SC Freiburg,10
832,Hamburger SV,SSV Ulm,1
833,Hamburger SV,Schalke 04,41
834,Hamburger SV,SpVgg Unterhaching,2
835,Hamburger SV,Stuttgarter Kickers,2
836,Hamburger SV,TSV 1860 Muenchen,20
837,Hamburger SV,Tasmania Berlin,1
838,Hamburger SV,Tennis Borussia Berlin,2
839,Hamburger SV,VfB Leipzig,1
840,Hamburger SV,VfB Stuttgart,44
841,Hamburger SV,VfL Bochum,33
842,Hamburger SV,VfL Wolfsburg,12
843,Hamburger SV,Waldhof Mannheim,7
844,Hamburger SV,Wattenscheid 09,4
845,Hamburger SV,Werder Bremen,45
846,Hamburger SV,Wuppertaler SV,3
847,Hannover 96,1. FC Kaiserslautern,18
848,Hannover 96,1. FC Koeln,17
849,Hannover 96,1. FC Nuernberg,13
850,Hannover 96,1. FC Saarbruecken,1
851,Hannover 96,1. FSV Mainz 05,3
852,Hannover 96,1899 Hoffenheim,1
853,Hannover 96,Alemannia Aachen,4
854,Hannover 96,Arminia Bielefeld,8
855,Hannover 96,Bayer Leverkusen,10
856,Hannover 96,Bayer Uerdingen,4
857,Hannover 96,Bayern Muenchen,20
858,Hannover 96,Borussia Dortmund,18
859,Hannover 96,Borussia Moenchengladbach,19
860,Hannover 96,Borussia Neunkirchen,3
861,Hannover 96,Eintracht Braunschweig,10
862,Hannover 96,Eintracht Frankfurt,19
863,Hannover 96,Energie Cottbus,4
864,Hannover 96,FC Homburg,1
865,Hannover 96,FC St. Pauli,1
866,Hannover 96,Fortuna Duesseldorf,6
867,Hannover 96,Fortuna Koeln,1
868,Hannover 96,Hamburger SV,21
869,Hannover 96,Hansa Rostock,4
870,Hannover 96,Hertha BSC Berlin,15
871,Hannover 96,Karlsruher SC,9
872,Hannover 96,Kickers Offenbach,5
873,Hannover 96,MSV Duisburg,11
874,Hannover 96,Meidericher SV,2
875,Hannover 96,Rot-Weiss Essen,5
876,Hannover 96,Rot-Weiss Oberhausen,4
877,Hannover 96,SC Freiburg,2
878,Hannover 96,Schalke 04,20
879,Hannover 96,Stuttgarter Kickers,1
880,Hannover 96,TSV 1860 Muenchen,8
881,Hannover 96,Tasmania Berlin,1
882,Hannover 96,VfB Stuttgart,20
883,Hannover 96,VfL Bochum,13
884,Hannover 96,VfL Wolfsburg,7
885,Hannover 96,Waldhof Mannheim,3
886,Hannover 96,Werder Bremen,21
887,Hannover 96,Wuppertaler SV,2
888,Hansa Rostock,1. FC Kaiserslautern,10
889,Hansa Rostock,1. FC Koeln,7
890,Hansa Rostock,1. FC Nuernberg,6
891,Hansa Rostock,1. FSV Mainz 05,1
892,Hansa Rostock,Arminia Bielefeld,6
893,Hansa Rostock,Bayer Leverkusen,12
894,Hansa Rostock,Bayern Muenchen,12
895,Hansa Rostock,Borussia Dortmund,12
896,Hansa Rostock,Borussia Moenchengladbach,9
897,Hansa Rostock,Dynamo Dresden,1
898,Hansa Rostock,Eintracht Frankfurt,7
899,Hansa Rostock,Energie Cottbus,4
900,Hansa Rostock,FC St. Pauli,3
901,Hansa Rostock,Fortuna Duesseldorf,3
902,Hansa Rostock,Hamburger SV,12
903,Hansa Rostock,Hannover 96,4
904,Hansa Rostock,Hertha BSC Berlin,9
905,Hansa Rostock,KFC Uerdingen,1
906,Hansa Rostock,Karlsruher SC,5
907,Hansa Rostock,MSV Duisburg,6
908,Hansa Rostock,SC Freiburg,8
909,Hansa Rostock,SSV Ulm,1
910,Hansa Rostock,Schalke 04,12
911,Hansa Rostock,SpVgg Unterhaching,2
912,Hansa Rostock,Stuttgarter Kickers,1
913,Hansa Rostock,TSV 1860 Muenchen,9
914,Hansa Rostock,VfB Stuttgart,12
915,Hansa Rostock,VfL Bochum,9
916,Hansa Rostock,VfL Wolfsburg,9
917,Hansa Rostock,Wattenscheid 09,1
918,Hansa Rostock,Werder Bremen,12
919,Hertha BSC Berlin,1. FC Kaiserslautern,25
920,Hertha BSC Berlin,1. FC Koeln,22
921,Hertha BSC Berlin,1. FC Nuernberg,13
922,Hertha BSC Berlin,1. FC Saarbruecken,3
923,Hertha BSC Berlin,1. FSV Mainz 05,3
924,Hertha BSC Berlin,1899 Hoffenheim,1
925,Hertha BSC Berlin,Alemannia Aachen,3
926,Hertha BSC Berlin,Arminia Bielefeld,12
927,Hertha BSC Berlin,Bayer Leverkusen,15
928,Hertha BSC Berlin,Bayer Uerdingen,3
929,Hertha BSC Berlin,Bayern Muenchen,26
930,Hertha BSC Berlin,Borussia Dortmund,24
931,Hertha BSC Berlin,Borussia Moenchengladbach,23
932,Hertha BSC Berlin,Borussia Neunkirchen,1
933,Hertha BSC Berlin,Darmstadt 98,1
934,Hertha BSC Berlin,Eintracht Braunschweig,14
935,Hertha BSC Berlin,Eintracht Frankfurt,24
936,Hertha BSC Berlin,Energie Cottbus,6
937,Hertha BSC Berlin,FC St. Pauli,3
938,Hertha BSC Berlin,Fortuna Duesseldorf,11
939,Hertha BSC Berlin,Fortuna Koeln,1
940,Hertha BSC Berlin,Hamburger SV,28
941,Hertha BSC Berlin,Hannover 96,15
942,Hertha BSC Berlin,Hansa Rostock,9
943,Hertha BSC Berlin,Karlsruher SC,9
944,Hertha BSC Berlin,Kickers Offenbach,6
945,Hertha BSC Berlin,MSV Duisburg,17
946,Hertha BSC Berlin,Meidericher SV,2
947,Hertha BSC Berlin,Preussen Muenster,1
948,Hertha BSC Berlin,Rot-Weiss Essen,6
949,Hertha BSC Berlin,Rot-Weiss Oberhausen,4
950,Hertha BSC Berlin,SC Freiburg,6
951,Hertha BSC Berlin,SSV Ulm,1
952,Hertha BSC Berlin,Schalke 04,27
953,Hertha BSC Berlin,SpVgg Unterhaching,2
954,Hertha BSC Berlin,TSV 1860 Muenchen,13
955,Hertha BSC Berlin,Tennis Borussia Berlin,2
956,Hertha BSC Berlin,VfB Stuttgart,26
957,Hertha BSC Berlin,VfL Bochum,20
958,Hertha BSC Berlin,VfL Wolfsburg,12
959,Hertha BSC Berlin,Wattenscheid 09,1
960,Hertha BSC Berlin,Werder Bremen,28
961,Hertha BSC Berlin,Wuppertaler SV,3
962,KFC Uerdingen,1. FC Kaiserslautern,1
963,KFC Uerdingen,1. FC Koeln,1
964,KFC Uerdingen,Bayer Leverkusen,1
965,KFC Uerdingen,Bayern Muenchen,1
966,KFC Uerdingen,Borussia Dortmund,1
967,KFC Uerdingen,Borussia Moenchengladbach,1
968,KFC Uerdingen,Eintracht Frankfurt,1
969,KFC Uerdingen,FC St. Pauli,1
970,KFC Uerdingen,Fortuna Duesseldorf,1
971,KFC Uerdingen,Hamburger SV,1
972,KFC Uerdingen,Hansa Rostock,1
973,KFC Uerdingen,Karlsruher SC,1
974,KFC Uerdingen,SC Freiburg,1
975,KFC Uerdingen,Schalke 04,1
976,KFC Uerdingen,TSV 1860 Muenchen,1
977,KFC Uerdingen,VfB Stuttgart,1
978,KFC Uerdingen,Werder Bremen,1
979,Karlsruher SC,1. FC Kaiserslautern,21
980,Karlsruher SC,1. FC Koeln,23
981,Karlsruher SC,1. FC Nuernberg,16
982,Karlsruher SC,1. FC Saarbruecken,3
983,Karlsruher SC,1899 Hoffenheim,1
984,Karlsruher SC,Alemannia Aachen,1
985,Karlsruher SC,Arminia Bielefeld,8
986,Karlsruher SC,Bayer Leverkusen,17
987,Karlsruher SC,Bayer Uerdingen,9
988,Karlsruher SC,Bayern Muenchen,22
989,Karlsruher SC,Borussia Dortmund,23
990,Karlsruher SC,Borussia Moenchengladbach,21
991,Karlsruher SC,Borussia Neunkirchen,3
992,Karlsruher SC,Darmstadt 98,1
993,Karlsruher SC,Dynamo Dresden,4
994,Karlsruher SC,Eintracht Braunschweig,10
995,Karlsruher SC,Eintracht Frankfurt,22
996,Karlsruher SC,Energie Cottbus,2
997,Karlsruher SC,FC Homburg,2
998,Karlsruher SC,FC St. Pauli,5
999,Karlsruher SC,Fortuna Duesseldorf,12
1000,Karlsruher SC,Hamburger SV,24
1001,Karlsruher SC,Hannover 96,9
1002,Karlsruher SC,Hansa Rostock,5
1003,Karlsruher SC,Hertha BSC Berlin,9
1004,Karlsruher SC,KFC Uerdingen,1
1005,Karlsruher SC,Kickers Offenbach,1
1006,Karlsruher SC,MSV Duisburg,12
1007,Karlsruher SC,Meidericher SV,3
1008,Karlsruher SC,Preussen Muenster,1
1009,Karlsruher SC,Rot-Weiss Essen,3
1010,Karlsruher SC,SC Freiburg,4
1011,Karlsruher SC,Schalke 04,20
1012,Karlsruher SC,Stuttgarter Kickers,2
1013,Karlsruher SC,TSV 1860 Muenchen,10
1014,Karlsruher SC,Tasmania Berlin,1
1015,Karlsruher SC,Tennis Borussia Berlin,1
1016,Karlsruher SC,VfB Leipzig,1
1017,Karlsruher SC,VfB Stuttgart,22
1018,Karlsruher SC,VfL Bochum,17
1019,Karlsruher SC,VfL Wolfsburg,3
1020,Karlsruher SC,Waldhof Mannheim,4
1021,Karlsruher SC,Wattenscheid 09,4
1022,Karlsruher SC,Werder Bremen,23
1023,Kickers Offenbach,1. FC Kaiserslautern,7
1024,Kickers Offenbach,1. FC Koeln,7
1025,Kickers Offenbach,1. FC Nuernberg,2
1026,Kickers Offenbach,Alemannia Aachen,1
1027,Kickers Offenbach,Arminia Bielefeld,2
1028,Kickers Offenbach,Bayer Leverkusen,1
1029,Kickers Offenbach,Bayer Uerdingen,2
1030,Kickers Offenbach,Bayern Muenchen,7
1031,Kickers Offenbach,Borussia Dortmund,3
1032,Kickers Offenbach,Borussia Moenchengladbach,7
1033,Kickers Offenbach,Eintracht Braunschweig,6
1034,Kickers Offenbach,Eintracht Frankfurt,7
1035,Kickers Offenbach,Fortuna Duesseldorf,5
1036,Kickers Offenbach,Fortuna Koeln,1
1037,Kickers Offenbach,Hamburger SV,7
1038,Kickers Offenbach,Hannover 96,5
1039,Kickers Offenbach,Hertha BSC Berlin,6
1040,Kickers Offenbach,Karlsruher SC,1
1041,Kickers Offenbach,MSV Duisburg,6
1042,Kickers Offenbach,Rot-Weiss Essen,4
1043,Kickers Offenbach,Rot-Weiss Oberhausen,2
1044,Kickers Offenbach,Schalke 04,6
1045,Kickers Offenbach,TSV 1860 Muenchen,1
1046,Kickers Offenbach,Tennis Borussia Berlin,1
1047,Kickers Offenbach,VfB Stuttgart,6
1048,Kickers Offenbach,VfL Bochum,5
1049,Kickers Offenbach,Waldhof Mannheim,1
1050,Kickers Offenbach,Werder Bremen,7
1051,Kickers Offenbach,Wuppertaler SV,3
1052,MSV Duisburg,1. FC Kaiserslautern,23
1053,MSV Duisburg,1. FC Koeln,22
1054,MSV Duisburg,1. FC Nuernberg,11
1055,MSV Duisburg,1. FC Saarbruecken,2
1056,MSV Duisburg,1. FSV Mainz 05,1
1057,MSV Duisburg,Alemannia Aachen,3
1058,MSV Duisburg,Arminia Bielefeld,10
1059,MSV Duisburg,Bayer Leverkusen,12
1060,MSV Duisburg,Bayer Uerdingen,4
1061,MSV Duisburg,Bayern Muenchen,25
1062,MSV Duisburg,Borussia Dortmund,21
1063,MSV Duisburg,Borussia Moenchengladbach,23
1064,MSV Duisburg,Borussia Neunkirchen,1
1065,MSV Duisburg,Darmstadt 98,2
1066,MSV Duisburg,Dynamo Dresden,3
1067,MSV Duisburg,Eintracht Braunschweig,14
1068,MSV Duisburg,Eintracht Frankfurt,23
1069,MSV Duisburg,Energie Cottbus,1
1070,MSV Duisburg,FC St. Pauli,2
1071,MSV Duisburg,Fortuna Duesseldorf,14
1072,MSV Duisburg,Fortuna Koeln,1
1073,MSV Duisburg,Hamburger SV,25
1074,MSV Duisburg,Hannover 96,11
1075,MSV Duisburg,Hansa Rostock,6
1076,MSV Duisburg,Hertha BSC Berlin,17
1077,MSV Duisburg,Karlsruher SC,12
1078,MSV Duisburg,Kickers Offenbach,6
1079,MSV Duisburg,Rot-Weiss Essen,7
1080,MSV Duisburg,Rot-Weiss Oberhausen,4
1081,MSV Duisburg,SC Freiburg,5
1082,MSV Duisburg,SSV Ulm,1
1083,MSV Duisburg,Schalke 04,24
1084,MSV Duisburg,SpVgg Unterhaching,1
1085,MSV Duisburg,Stuttgarter Kickers,1
1086,MSV Duisburg,TSV 1860 Muenchen,12
1087,MSV Duisburg,Tennis Borussia Berlin,2
1088,MSV Duisburg,VfB Leipzig,1
1089,MSV Duisburg,VfB Stuttgart,23
1090,MSV Duisburg,VfL Bochum,17
1091,MSV Duisburg,VfL Wolfsburg,5
1092,MSV Duisburg,Wattenscheid 09,2
1093,MSV Duisburg,Werder Bremen,24
1094,MSV Duisburg,Wuppertaler SV,3
1095,Meidericher SV,1. FC Kaiserslautern,3
1096,Meidericher SV,1. FC Koeln,3
1097,Meidericher SV,1. FC Nuernberg,3
1098,Meidericher SV,1. FC Saarbruecken,1
1099,Meidericher SV,Bayern Muenchen,1
1100,Meidericher SV,Borussia Dortmund,3
1101,Meidericher SV,Borussia Moenchengladbach,1
1102,Meidericher SV,Borussia Neunkirchen,2
1103,Meidericher SV,Eintracht Braunschweig,3
1104,Meidericher SV,Eintracht Frankfurt,3
1105,Meidericher SV,Hamburger SV,3
1106,Meidericher SV,Hannover 96,2
1107,Meidericher SV,Hertha BSC Berlin,2
1108,Meidericher SV,Karlsruher SC,3
1109,Meidericher SV,Preussen Muenster,1
1110,Meidericher SV,Schalke 04,3
1111,Meidericher SV,TSV 1860 Muenchen,3
1112,Meidericher SV,Tasmania Berlin,1
1113,Meidericher SV,VfB Stuttgart,3
1114,Meidericher SV,Werder Bremen,3
1115,Preussen Muenster,1. FC Kaiserslautern,1
1116,Preussen Muenster,1. FC Koeln,1
1117,Preussen Muenster,1. FC Nuernberg,1
1118,Preussen Muenster,1. FC Saarbruecken,1
1119,Preussen Muenster,Borussia Dortmund,1
1120,Preussen Muenster,Eintracht Braunschweig,1
1121,Preussen Muenster,Eintracht Frankfurt,1
1122,Preussen Muenster,Hamburger SV,1
1123,Preussen Muenster,Hertha BSC Berlin,1
1124,Preussen Muenster,Karlsruher SC,1
1125,Preussen Muenster,Meidericher SV,1
1126,Preussen Muenster,Schalke 04,1
1127,Preussen Muenster,TSV 1860 Muenchen,1
1128,Preussen Muenster,VfB Stuttgart,1
1129,Preussen Muenster,Werder Bremen,1
1130,Rot-Weiss Essen,1. FC Kaiserslautern,7
1131,Rot-Weiss Essen,1. FC Koeln,7
1132,Rot-Weiss Essen,1. FC Nuernberg,1
1133,Rot-Weiss Essen,1. FC Saarbruecken,1
1134,Rot-Weiss Essen,Alemannia Aachen,1
1135,Rot-Weiss Essen,Arminia Bielefeld,1
1136,Rot-Weiss Essen,Bayer Uerdingen,1
1137,Rot-Weiss Essen,Bayern Muenchen,7
1138,Rot-Weiss Essen,Borussia Dortmund,4
1139,Rot-Weiss Essen,Borussia Moenchengladbach,7
1140,Rot-Weiss Essen,Eintracht Braunschweig,6
1141,Rot-Weiss Essen,Eintracht Frankfurt,7
1142,Rot-Weiss Essen,Fortuna Duesseldorf,5
1143,Rot-Weiss Essen,Fortuna Koeln,1
1144,Rot-Weiss Essen,Hamburger SV,7
1145,Rot-Weiss Essen,Hannover 96,5
1146,Rot-Weiss Essen,Hertha BSC Berlin,6
1147,Rot-Weiss Essen,Karlsruher SC,3
1148,Rot-Weiss Essen,Kickers Offenbach,4
1149,Rot-Weiss Essen,MSV Duisburg,7
1150,Rot-Weiss Essen,Rot-Weiss Oberhausen,2
1151,Rot-Weiss Essen,Schalke 04,7
1152,Rot-Weiss Essen,TSV 1860 Muenchen,2
1153,Rot-Weiss Essen,Tennis Borussia Berlin,2
1154,Rot-Weiss Essen,VfB Stuttgart,5
1155,Rot-Weiss Essen,VfL Bochum,4
1156,Rot-Weiss Essen,Werder Bremen,7
1157,Rot-Weiss Essen,Wuppertaler SV,2
1158,Rot-Weiss Oberhausen,1. FC Kaiserslautern,4
1159,Rot-Weiss Oberhausen,1. FC Koeln,4
1160,Rot-Weiss Oberhausen,Alemannia Aachen,1
1161,Rot-Weiss Oberhausen,Arminia Bielefeld,2
1162,Rot-Weiss Oberhausen,Bayern Muenchen,4
1163,Rot-Weiss Oberhausen,Borussia Dortmund,3
1164,Rot-Weiss Oberhausen,Borussia Moenchengladbach,4
1165,Rot-Weiss Oberhausen,Eintracht Braunschweig,4
1166,Rot-Weiss Oberhausen,Eintracht Frankfurt,4
1167,Rot-Weiss Oberhausen,Fortuna Duesseldorf,2
1168,Rot-Weiss Oberhausen,Hamburger SV,4
1169,Rot-Weiss Oberhausen,Hannover 96,4
1170,Rot-Weiss Oberhausen,Hertha BSC Berlin,4
1171,Rot-Weiss Oberhausen,Kickers Offenbach,2
1172,Rot-Weiss Oberhausen,MSV Duisburg,4
1173,Rot-Weiss Oberhausen,Rot-Weiss Essen,2
1174,Rot-Weiss Oberhausen,Schalke 04,4
1175,Rot-Weiss Oberhausen,TSV 1860 Muenchen,1
1176,Rot-Weiss Oberhausen,VfB Stuttgart,4
1177,Rot-Weiss Oberhausen,VfL Bochum,2
1178,Rot-Weiss Oberhausen,Werder Bremen,4
1179,Rot-Weiss Oberhausen,Wuppertaler SV,1
1180,SC Freiburg,1. FC Kaiserslautern,9
1181,SC Freiburg,1. FC Koeln,7
1182,SC Freiburg,1. FC Nuernberg,4
1183,SC Freiburg,1. FSV Mainz 05,1
1184,SC Freiburg,Arminia Bielefeld,3
1185,SC Freiburg,Bayer Leverkusen,10
1186,SC Freiburg,Bayer Uerdingen,1
1187,SC Freiburg,Bayern Muenchen,10
1188,SC Freiburg,Borussia Dortmund,10
1189,SC Freiburg,Borussia Moenchengladbach,8
1190,SC Freiburg,Dynamo Dresden,2
1191,SC Freiburg,Eintracht Frankfurt,7
1192,SC Freiburg,Energie Cottbus,2
1193,SC Freiburg,FC St. Pauli,3
1194,SC Freiburg,Fortuna Duesseldorf,2
1195,SC Freiburg,Hamburger SV,10
1196,SC Freiburg,Hannover 96,2
1197,SC Freiburg,Hansa Rostock,8
1198,SC Freiburg,Hertha BSC Berlin,6
1199,SC Freiburg,KFC Uerdingen,1
1200,SC Freiburg,Karlsruher SC,4
1201,SC Freiburg,MSV Duisburg,5
1202,SC Freiburg,SSV Ulm,1
1203,SC Freiburg,Schalke 04,10
1204,SC Freiburg,SpVgg Unterhaching,2
1205,SC Freiburg,TSV 1860 Muenchen,8
1206,SC Freiburg,VfB Leipzig,1
1207,SC Freiburg,VfB Stuttgart,10
1208,SC Freiburg,VfL Bochum,6
1209,SC Freiburg,VfL Wolfsburg,6
1210,SC Freiburg,Wattenscheid 09,1
1211,SC Freiburg,Werder Bremen,10
1212,SSV Ulm,1. FC Kaiserslautern,1
1213,SSV Ulm,Arminia Bielefeld,1
1214,SSV Ulm,Bayer Leverkusen,1
1215,SSV Ulm,Bayern Muenchen,1
1216,SSV Ulm,Borussia Dortmund,1
1217,SSV Ulm,Eintracht Frankfurt,1
1218,SSV Ulm,Hamburger SV,1
1219,SSV Ulm,Hansa Rostock,1
1220,SSV Ulm,Hertha BSC Berlin,1
1221,SSV Ulm,MSV Duisburg,1
1222,SSV Ulm,SC Freiburg,1
1223,SSV Ulm,Schalke 04,1
1224,SSV Ulm,SpVgg Unterhaching,1
1225,SSV Ulm,TSV 1860 Muenchen,1
1226,SSV Ulm,VfB Stuttgart,1
1227,SSV Ulm,VfL Wolfsburg,1
1228,SSV Ulm,Werder Bremen,1
1229,Schalke 04,1. FC Kaiserslautern,37
1230,Schalke 04,1. FC Koeln,35
1231,Schalke 04,1. FC Nuernberg,22
1232,Schalke 04,1. FC Saarbruecken,5
1233,Schalke 04,1. FSV Mainz 05,3
1234,Schalke 04,1899 Hoffenheim,1
1235,Schalke 04,Alemannia Aachen,4
1236,Schalke 04,Arminia Bielefeld,15
1237,Schalke 04,Bayer Leverkusen,25
1238,Schalke 04,Bayer Uerdingen,9
1239,Schalke 04,Bayern Muenchen,39
1240,Schalke 04,Blau-Weiss 90 Berlin,1
1241,Schalke 04,Borussia Dortmund,37
1242,Schalke 04,Borussia Moenchengladbach,36
1243,Schalke 04,Borussia Neunkirchen,3
1244,Schalke 04,Darmstadt 98,1
1245,Schalke 04,Dynamo Dresden,4
1246,Schalke 04,Eintracht Braunschweig,18
1247,Schalke 04,Eintracht Frankfurt,36
1248,Schalke 04,Energie Cottbus,6
1249,Schalke 04,FC Homburg,2
1250,Schalke 04,FC St. Pauli,4
1251,Schalke 04,Fortuna Duesseldorf,18
1252,Schalke 04,Fortuna Koeln,1
1253,Schalke 04,Hamburger SV,41
1254,Schalke 04,Hannover 96,20
1255,Schalke 04,Hansa Rostock,12
1256,Schalke 04,Hertha BSC Berlin,27
1257,Schalke 04,KFC Uerdingen,1
1258,Schalke 04,Karlsruher SC,20
1259,Schalke 04,Kickers Offenbach,6
1260,Schalke 04,MSV Duisburg,24
1261,Schalke 04,Meidericher SV,3
1262,Schalke 04,Preussen Muenster,1
1263,Schalke 04,Rot-Weiss Essen,7
1264,Schalke 04,Rot-Weiss Oberhausen,4
1265,Schalke 04,SC Freiburg,10
1266,Schalke 04,SSV Ulm,1
1267,Schalke 04,SpVgg Unterhaching,2
1268,Schalke 04,Stuttgarter Kickers,1
1269,Schalke 04,TSV 1860 Muenchen,20
1270,Schalke 04,Tasmania Berlin,1
1271,Schalke 04,Tennis Borussia Berlin,2
1272,Schalke 04,VfB Leipzig,1
1273,Schalke 04,VfB Stuttgart,39
1274,Schalke 04,VfL Bochum,28
1275,Schalke 04,VfL Wolfsburg,12
1276,Schalke 04,Waldhof Mannheim,4
1277,Schalke 04,Wattenscheid 09,3
1278,Schalke 04,Werder Bremen,40
1279,Schalke 04,Wuppertaler SV,3
1280,SpVgg Unterhaching,1. FC Kaiserslautern,2
1281,SpVgg Unterhaching,1. FC Koeln,1
1282,SpVgg Unterhaching,Arminia Bielefeld,1
1283,SpVgg Unterhaching,Bayer Leverkusen,2
1284,SpVgg Unterhaching,Bayern Muenchen,2
1285,SpVgg Unterhaching,Borussia Dortmund,2
1286,SpVgg Unterhaching,Eintracht Frankfurt,2
1287,SpVgg Unterhaching,Energie Cottbus,1
1288,SpVgg Unterhaching,Hamburger SV,2
1289,SpVgg Unterhaching,Hansa Rostock,2
1290,SpVgg Unterhaching,Hertha BSC Berlin,2
1291,SpVgg Unterhaching,MSV Duisburg,1
1292,SpVgg Unterhaching,SC Freiburg,2
1293,SpVgg Unterhaching,SSV Ulm,1
1294,SpVgg Unterhaching,Schalke 04,2
1295,SpVgg Unterhaching,TSV 1860 Muenchen,2
1296,SpVgg Unterhaching,VfB Stuttgart,2
1297,SpVgg Unterhaching,VfL Bochum,1
1298,SpVgg Unterhaching,VfL Wolfsburg,2
1299,SpVgg Unterhaching,Werder Bremen,2
1300,Stuttgarter Kickers,1. FC Kaiserslautern,2
1301,Stuttgarter Kickers,1. FC Koeln,2
1302,Stuttgarter Kickers,1. FC Nuernberg,2
1303,Stuttgarter Kickers,Bayer Leverkusen,2
1304,Stuttgarter Kickers,Bayer Uerdingen,1
1305,Stuttgarter Kickers,Bayern Muenchen,2
1306,Stuttgarter Kickers,Borussia Dortmund,2
1307,Stuttgarter Kickers,Borussia Moenchengladbach,2
1308,Stuttgarter Kickers,Dynamo Dresden,1
1309,Stuttgarter Kickers,Eintracht Frankfurt,2
1310,Stuttgarter Kickers,FC St. Pauli,1
1311,Stuttgarter Kickers,Fortuna Duesseldorf,1
1312,Stuttgarter Kickers,Hamburger SV,2
1313,Stuttgarter Kickers,Hannover 96,1
1314,Stuttgarter Kickers,Hansa Rostock,1
1315,Stuttgarter Kickers,Karlsruher SC,2
1316,Stuttgarter Kickers,MSV Duisburg,1
1317,Stuttgarter Kickers,Schalke 04,1
1318,Stuttgarter Kickers,VfB Stuttgart,2
1319,Stuttgarter Kickers,VfL Bochum,2
1320,Stuttgarter Kickers,Waldhof Mannheim,1
1321,Stuttgarter Kickers,Wattenscheid 09,1
1322,Stuttgarter Kickers,Werder Bremen,2
1323,TSV 1860 Muenchen,1. FC Kaiserslautern,19
1324,TSV 1860 Muenchen,1. FC Koeln,17
1325,TSV 1860 Muenchen,1. FC Nuernberg,10
1326,TSV 1860 Muenchen,1. FC Saarbruecken,2
1327,TSV 1860 Muenchen,Alemannia Aachen,3
1328,TSV 1860 Muenchen,Arminia Bielefeld,5
1329,TSV 1860 Muenchen,Bayer Leverkusen,12
1330,TSV 1860 Muenchen,Bayer Uerdingen,3
1331,TSV 1860 Muenchen,Bayern Muenchen,18
1332,TSV 1860 Muenchen,Borussia Dortmund,20
1333,TSV 1860 Muenchen,Borussia Moenchengladbach,16
1334,TSV 1860 Muenchen,Borussia Neunkirchen,3
1335,TSV 1860 Muenchen,Dynamo Dresden,1
1336,TSV 1860 Muenchen,Eintracht Braunschweig,9
1337,TSV 1860 Muenchen,Eintracht Frankfurt,16
1338,TSV 1860 Muenchen,Energie Cottbus,3
1339,TSV 1860 Muenchen,FC St. Pauli,4
1340,TSV 1860 Muenchen,Fortuna Duesseldorf,6
1341,TSV 1860 Muenchen,Hamburger SV,20
1342,TSV 1860 Muenchen,Hannover 96,8
1343,TSV 1860 Muenchen,Hansa Rostock,9
1344,TSV 1860 Muenchen,Hertha BSC Berlin,13
1345,TSV 1860 Muenchen,KFC Uerdingen,1
1346,TSV 1860 Muenchen,Karlsruher SC,10
1347,TSV 1860 Muenchen,Kickers Offenbach,1
1348,TSV 1860 Muenchen,MSV Duisburg,12
1349,TSV 1860 Muenchen,Meidericher SV,3
1350,TSV 1860 Muenchen,Preussen Muenster,1
1351,TSV 1860 Muenchen,Rot-Weiss Essen,2
1352,TSV 1860 Muenchen,Rot-Weiss Oberhausen,1
1353,TSV 1860 Muenchen,SC Freiburg,8
1354,TSV 1860 Muenchen,SSV Ulm,1
1355,TSV 1860 Muenchen,Schalke 04,20
1356,TSV 1860 Muenchen,SpVgg Unterhaching,2
1357,TSV 1860 Muenchen,Tasmania Berlin,1
1358,TSV 1860 Muenchen,VfB Stuttgart,20
1359,TSV 1860 Muenchen,VfL Bochum,10
1360,TSV 1860 Muenchen,VfL Wolfsburg,7
1361,TSV 1860 Muenchen,Werder Bremen,19
1362,Tasmania Berlin,1. FC Kaiserslautern,1
1363,Tasmania Berlin,1. FC Koeln,1
1364,Tasmania Berlin,1. FC Nuernberg,1
1365,Tasmania Berlin,Bayern Muenchen,1
1366,Tasmania Berlin,Borussia Dortmund,1
1367,Tasmania Berlin,Borussia Moenchengladbach,1
1368,Tasmania Berlin,Borussia Neunkirchen,1
1369,Tasmania Berlin,Eintracht Braunschweig,1
1370,Tasmania Berlin,Eintracht Frankfurt,1
1371,Tasmania Berlin,Hamburger SV,1
1372,Tasmania Berlin,Hannover 96,1
1373,Tasmania Berlin,Karlsruher SC,1
1374,Tasmania Berlin,Meidericher SV,1
1375,Tasmania Berlin,Schalke 04,1
1376,Tasmania Berlin,TSV 1860 Muenchen,1
1377,Tasmania Berlin,VfB Stuttgart,1
1378,Tasmania Berlin,Werder Bremen,1
1379,Tennis Borussia Berlin,1. FC Kaiserslautern,2
1380,Tennis Borussia Berlin,1. FC Koeln,2
1381,Tennis Borussia Berlin,1. FC Saarbruecken,1
1382,Tennis Borussia Berlin,Bayern Muenchen,2
1383,Tennis Borussia Berlin,Borussia Dortmund,1
1384,Tennis Borussia Berlin,Borussia Moenchengladbach,2
1385,Tennis Borussia Berlin,Eintracht Braunschweig,2
1386,Tennis Borussia Berlin,Eintracht Frankfurt,2
1387,Tennis Borussia Berlin,Fortuna Duesseldorf,2
1388,Tennis Borussia Berlin,Hamburger SV,2
1389,Tennis Borussia Berlin,Hertha BSC Berlin,2
1390,Tennis Borussia Berlin,Karlsruher SC,1
1391,Tennis Borussia Berlin,Kickers Offenbach,1
1392,Tennis Borussia Berlin,MSV Duisburg,2
1393,Tennis Borussia Berlin,Rot-Weiss Essen,2
1394,Tennis Borussia Berlin,Schalke 04,2
1395,Tennis Borussia Berlin,VfB Stuttgart,1
1396,Tennis Borussia Berlin,VfL Bochum,2
1397,Tennis Borussia Berlin,Werder Bremen,2
1398,Tennis Borussia Berlin,Wuppertaler SV,1
1399,VfB Leipzig,1. FC Kaiserslautern,1
1400,VfB Leipzig,1. FC Koeln,1
1401,VfB Leipzig,1. FC Nuernberg,1
1402,VfB Leipzig,Bayer Leverkusen,1
1403,VfB Leipzig,Bayern Muenchen,1
1404,VfB Leipzig,Borussia Dortmund,1
1405,VfB Leipzig,Borussia Moenchengladbach,1
1406,VfB Leipzig,Dynamo Dresden,1
1407,VfB Leipzig,Eintracht Frankfurt,1
1408,VfB Leipzig,Hamburger SV,1
1409,VfB Leipzig,Karlsruher SC,1
1410,VfB Leipzig,MSV Duisburg,1
1411,VfB Leipzig,SC Freiburg,1
1412,VfB Leipzig,Schalke 04,1
1413,VfB Leipzig,VfB Stuttgart,1
1414,VfB Leipzig,Wattenscheid 09,1
1415,VfB Leipzig,Werder Bremen,1
1416,VfB Stuttgart,1. FC Kaiserslautern,40
1417,VfB Stuttgart,1. FC Koeln,38
1418,VfB Stuttgart,1. FC Nuernberg,27
1419,VfB Stuttgart,1. FC Saarbruecken,4
1420,VfB Stuttgart,1. FSV Mainz 05,3
1421,VfB Stuttgart,1899 Hoffenheim,1
1422,VfB Stuttgart,Alemannia Aachen,4
1423,VfB Stuttgart,Arminia Bielefeld,17
1424,VfB Stuttgart,Bayer Leverkusen,30
1425,VfB Stuttgart,Bayer Uerdingen,12
1426,VfB Stuttgart,Bayern Muenchen,42
1427,VfB Stuttgart,Blau-Weiss 90 Berlin,1
1428,VfB Stuttgart,Borussia Dortmund,41
1429,VfB Stuttgart,Borussia Moenchengladbach,39
1430,VfB Stuttgart,Borussia Neunkirchen,3
1431,VfB Stuttgart,Darmstadt 98,2
1432,VfB Stuttgart,Dynamo Dresden,4
1433,VfB Stuttgart,Eintracht Braunschweig,18
1434,VfB Stuttgart,Eintracht Frankfurt,39
1435,VfB Stuttgart,Energie Cottbus,6
1436,VfB Stuttgart,FC Homburg,3
1437,VfB Stuttgart,FC St. Pauli,7
1438,VfB Stuttgart,Fortuna Duesseldorf,20
1439,VfB Stuttgart,Fortuna Koeln,1
1440,VfB Stuttgart,Hamburger SV,44
1441,VfB Stuttgart,Hannover 96,20
1442,VfB Stuttgart,Hansa Rostock,12
1443,VfB Stuttgart,Hertha BSC Berlin,26
1444,VfB Stuttgart,KFC Uerdingen,1
1445,VfB Stuttgart,Karlsruher SC,22
1446,VfB Stuttgart,Kickers Offenbach,6
1447,VfB Stuttgart,MSV Duisburg,23
1448,VfB Stuttgart,Meidericher SV,3
1449,VfB Stuttgart,Preussen Muenster,1
1450,VfB Stuttgart,Rot-Weiss Essen,5
1451,VfB Stuttgart,Rot-Weiss Oberhausen,4
1452,VfB Stuttgart,SC Freiburg,10
1453,VfB Stuttgart,SSV Ulm,1
1454,VfB Stuttgart,Schalke 04,39
1455,VfB Stuttgart,SpVgg Unterhaching,2
1456,VfB Stuttgart,Stuttgarter Kickers,2
1457,VfB Stuttgart,TSV 1860 Muenchen,20
1458,VfB Stuttgart,Tasmania Berlin,1
1459,VfB Stuttgart,Tennis Borussia Berlin,1
1460,VfB Stuttgart,VfB Leipzig,1
1461,VfB Stuttgart,VfL Bochum,31
1462,VfB Stuttgart,VfL Wolfsburg,12
1463,VfB Stuttgart,Waldhof Mannheim,7
1464,VfB Stuttgart,Wattenscheid 09,4
1465,VfB Stuttgart,Werder Bremen,43
1466,VfB Stuttgart,Wuppertaler SV,3
1467,VfL Bochum,1. FC Kaiserslautern,29
1468,VfL Bochum,1. FC Koeln,28
1469,VfL Bochum,1. FC Nuernberg,18
1470,VfL Bochum,1. FC Saarbruecken,4
1471,VfL Bochum,1. FSV Mainz 05,2
1472,VfL Bochum,1899 Hoffenheim,1
1473,VfL Bochum,Alemannia Aachen,1
1474,VfL Bochum,Arminia Bielefeld,14
1475,VfL Bochum,Bayer Leverkusen,25
1476,VfL Bochum,Bayer Uerdingen,13
1477,VfL Bochum,Bayern Muenchen,33
1478,VfL Bochum,Blau-Weiss 90 Berlin,1
1479,VfL Bochum,Borussia Dortmund,29
1480,VfL Bochum,Borussia Moenchengladbach,31
1481,VfL Bochum,Darmstadt 98,2
1482,VfL Bochum,Dynamo Dresden,3
1483,VfL Bochum,Eintracht Braunschweig,12
1484,VfL Bochum,Eintracht Frankfurt,29
1485,VfL Bochum,Energie Cottbus,5
1486,VfL Bochum,FC Homburg,3
1487,VfL Bochum,FC St. Pauli,5
1488,VfL Bochum,Fortuna Duesseldorf,20
1489,VfL Bochum,Fortuna Koeln,1
1490,VfL Bochum,Hamburger SV,33
1491,VfL Bochum,Hannover 96,13
1492,VfL Bochum,Hansa Rostock,9
1493,VfL Bochum,Hertha BSC Berlin,20
1494,VfL Bochum,Karlsruher SC,17
1495,VfL Bochum,Kickers Offenbach,5
1496,VfL Bochum,MSV Duisburg,17
1497,VfL Bochum,Rot-Weiss Essen,4
1498,VfL Bochum,Rot-Weiss Oberhausen,2
1499,VfL Bochum,SC Freiburg,6
1500,VfL Bochum,Schalke 04,28
1501,VfL Bochum,SpVgg Unterhaching,1
1502,VfL Bochum,Stuttgarter Kickers,2
1503,VfL Bochum,TSV 1860 Muenchen,10
1504,VfL Bochum,Tennis Borussia Berlin,2
1505,VfL Bochum,VfB Stuttgart,31
1506,VfL Bochum,VfL Wolfsburg,9
1507,VfL Bochum,Waldhof Mannheim,7
1508,VfL Bochum,Wattenscheid 09,3
1509,VfL Bochum,Werder Bremen,32
1510,VfL Bochum,Wuppertaler SV,3
1511,VfL Wolfsburg,1. FC Kaiserslautern,9
1512,VfL Wolfsburg,1. FC Koeln,6
1513,VfL Wolfsburg,1. FC Nuernberg,7
1514,VfL Wolfsburg,1. FSV Mainz 05,3
1515,VfL Wolfsburg,1899 Hoffenheim,1
1516,VfL Wolfsburg,Alemannia Aachen,1
1517,VfL Wolfsburg,Arminia Bielefeld,8
1518,VfL Wolfsburg,Bayer Leverkusen,12
1519,VfL Wolfsburg,Bayern Muenchen,12
1520,VfL Wolfsburg,Borussia Dortmund,12
1521,VfL Wolfsburg,Borussia Moenchengladbach,9
1522,VfL Wolfsburg,Eintracht Frankfurt,8
1523,VfL Wolfsburg,Energie Cottbus,6
1524,VfL Wolfsburg,FC St. Pauli,1
1525,VfL Wolfsburg,Hamburger SV,12
1526,VfL Wolfsburg,Hannover 96,7
1527,VfL Wolfsburg,Hansa Rostock,9
1528,VfL Wolfsburg,Hertha BSC Berlin,12
1529,VfL Wolfsburg,Karlsruher SC,3
1530,VfL Wolfsburg,MSV Duisburg,5
1531,VfL Wolfsburg,SC Freiburg,6
1532,VfL Wolfsburg,SSV Ulm,1
1533,VfL Wolfsburg,Schalke 04,12
1534,VfL Wolfsburg,SpVgg Unterhaching,2
1535,VfL Wolfsburg,TSV 1860 Muenchen,7
1536,VfL Wolfsburg,VfB Stuttgart,12
1537,VfL Wolfsburg,VfL Bochum,9
1538,VfL Wolfsburg,Werder Bremen,12
1539,Waldhof Mannheim,1. FC Kaiserslautern,7
1540,Waldhof Mannheim,1. FC Koeln,7
1541,Waldhof Mannheim,1. FC Nuernberg,6
1542,Waldhof Mannheim,1. FC Saarbruecken,1
1543,Waldhof Mannheim,Arminia Bielefeld,2
1544,Waldhof Mannheim,Bayer Leverkusen,7
1545,Waldhof Mannheim,Bayer Uerdingen,7
1546,Waldhof Mannheim,Bayern Muenchen,7
1547,Waldhof Mannheim,Blau-Weiss 90 Berlin,1
1548,Waldhof Mannheim,Borussia Dortmund,7
1549,Waldhof Mannheim,Borussia Moenchengladbach,7
1550,Waldhof Mannheim,Eintracht Braunschweig,2
1551,Waldhof Mannheim,Eintracht Frankfurt,7
1552,Waldhof Mannheim,FC Homburg,3
1553,Waldhof Mannheim,FC St. Pauli,2
1554,Waldhof Mannheim,Fortuna Duesseldorf,5
1555,Waldhof Mannheim,Hamburger SV,7
1556,Waldhof Mannheim,Hannover 96,3
1557,Waldhof Mannheim,Karlsruher SC,4
1558,Waldhof Mannheim,Kickers Offenbach,1
1559,Waldhof Mannheim,Schalke 04,4
1560,Waldhof Mannheim,Stuttgarter Kickers,1
1561,Waldhof Mannheim,VfB Stuttgart,7
1562,Waldhof Mannheim,VfL Bochum,7
1563,Waldhof Mannheim,Werder Bremen,7
1564,Wattenscheid 09,1. FC Kaiserslautern,4
1565,Wattenscheid 09,1. FC Koeln,4
1566,Wattenscheid 09,1. FC Nuernberg,4
1567,Wattenscheid 09,1. FC Saarbruecken,1
1568,Wattenscheid 09,Bayer Leverkusen,4
1569,Wattenscheid 09,Bayer Uerdingen,2
1570,Wattenscheid 09,Bayern Muenchen,4
1571,Wattenscheid 09,Borussia Dortmund,4
1572,Wattenscheid 09,Borussia Moenchengladbach,4
1573,Wattenscheid 09,Dynamo Dresden,3
1574,Wattenscheid 09,Eintracht Frankfurt,4
1575,Wattenscheid 09,FC St. Pauli,1
1576,Wattenscheid 09,Fortuna Duesseldorf,2
1577,Wattenscheid 09,Hamburger SV,4
1578,Wattenscheid 09,Hansa Rostock,1
1579,Wattenscheid 09,Hertha BSC Berlin,1
1580,Wattenscheid 09,Karlsruher SC,4
1581,Wattenscheid 09,MSV Duisburg,2
1582,Wattenscheid 09,SC Freiburg,1
1583,Wattenscheid 09,Schalke 04,3
1584,Wattenscheid 09,Stuttgarter Kickers,1
1585,Wattenscheid 09,VfB Leipzig,1
1586,Wattenscheid 09,VfB Stuttgart,4
1587,Wattenscheid 09,VfL Bochum,3
1588,Wattenscheid 09,Werder Bremen,4
1589,Werder Bremen,1. FC Kaiserslautern,41
1590,Werder Bremen,1. FC Koeln,39
1591,Werder Bremen,1. FC Nuernberg,26
1592,Werder Bremen,1. FC Saarbruecken,5
1593,Werder Bremen,1. FSV Mainz 05,3
1594,Werder Bremen,1899 Hoffenheim,1
1595,Werder Bremen,Alemannia Aachen,4
1596,Werder Bremen,Arminia Bielefeld,16
1597,Werder Bremen,Bayer Leverkusen,29
1598,Werder Bremen,Bayer Uerdingen,12
1599,Werder Bremen,Bayern Muenchen,43
1600,Werder Bremen,Blau-Weiss 90 Berlin,1
1601,Werder Bremen,Borussia Dortmund,41
1602,Werder Bremen,Borussia Moenchengladbach,40
1603,Werder Bremen,Borussia Neunkirchen,3
1604,Werder Bremen,Darmstadt 98,2
1605,Werder Bremen,Dynamo Dresden,4
1606,Werder Bremen,Eintracht Braunschweig,20
1607,Werder Bremen,Eintracht Frankfurt,40
1608,Werder Bremen,Energie Cottbus,6
1609,Werder Bremen,FC Homburg,3
1610,Werder Bremen,FC St. Pauli,7
1611,Werder Bremen,Fortuna Duesseldorf,21
1612,Werder Bremen,Fortuna Koeln,1
1613,Werder Bremen,Hamburger SV,45
1614,Werder Bremen,Hannover 96,21
1615,Werder Bremen,Hansa Rostock,12
1616,Werder Bremen,Hertha BSC Berlin,28
1617,Werder Bremen,KFC Uerdingen,1
1618,Werder Bremen,Karlsruher SC,23
1619,Werder Bremen,Kickers Offenbach,7
1620,Werder Bremen,MSV Duisburg,24
1621,Werder Bremen,Meidericher SV,3
1622,Werder Bremen,Preussen Muenster,1
1623,Werder Bremen,Rot-Weiss Essen,7
1624,Werder Bremen,Rot-Weiss Oberhausen,4
1625,Werder Bremen,SC Freiburg,10
1626,Werder Bremen,SSV Ulm,1
1627,Werder Bremen,Schalke 04,40
1628,Werder Bremen,SpVgg Unterhaching,2
1629,Werder Bremen,Stuttgarter Kickers,2
1630,Werder Bremen,TSV 1860 Muenchen,19
1631,Werder Bremen,Tasmania Berlin,1
1632,Werder Bremen,Tennis Borussia Berlin,2
1633,Werder Bremen,VfB Leipzig,1
1634,Werder Bremen,VfB Stuttgart,43
1635,Werder Bremen,VfL Bochum,32
1636,Werder Bremen,VfL Wolfsburg,12
1637,Werder Bremen,Waldhof Mannheim,7
1638,Werder Bremen,Wattenscheid 09,4
1639,Werder Bremen,Wuppertaler SV,3
1640,Wuppertaler SV,1. FC Kaiserslautern,3
1641,Wuppertaler SV,1. FC Koeln,3
1642,Wuppertaler SV,Bayern Muenchen,3
1643,Wuppertaler SV,Borussia Moenchengladbach,3
1644,Wuppertaler SV,Eintracht Braunschweig,2
1645,Wuppertaler SV,Eintracht Frankfurt,3
1646,Wuppertaler SV,Fortuna Duesseldorf,3
1647,Wuppertaler SV,Fortuna Koeln,1
1648,Wuppertaler SV,Hamburger SV,3
1649,Wuppertaler SV,Hannover 96,2
1650,Wuppertaler SV,Hertha BSC Berlin,3
1651,Wuppertaler SV,Kickers Offenbach,3
1652,Wuppertaler SV,MSV Duisburg,3
1653,Wuppertaler SV,Rot-Weiss Essen,2
1654,Wuppertaler SV,Rot-Weiss Oberhausen,1
1655,Wuppertaler SV,Schalke 04,3
1656,Wuppertaler SV,Tennis Borussia Berlin,1
1657,Wuppertaler SV,VfB Stuttgart,3
1658,Wuppertaler SV,VfL Bochum,3
1659,Wuppertaler SV,Werder Bremen,3
